{"cameraMode":{"drawMode":0,"name":"Shaded","section":"Shading Mode"},"sceneLighting":true,"audioPlay":false,"sceneViewState":{"showFog":true,"showMaterialUpdate":false,"showSkybox":true,"showFlares":true,"showImageEffects":true,"showParticleSystems":true},"in2DMode":false,"pivot":{"x":63.33744430541992,"y":4.774807929992676,"z":100.81161499023438},"rotation":{"x":-0.1830466091632843,"y":-0.7390260100364685,"z":0.2228153795003891,"w":-0.6089902520179749},"size":27.98488426208496,"orthographic":false}