{"cameraMode":{"drawMode":0,"name":"Shaded","section":"Shading Mode"},"sceneLighting":true,"audioPlay":false,"sceneViewState":{"showFog":true,"showMaterialUpdate":false,"showSkybox":true,"showFlares":true,"showImageEffects":true,"showParticleSystems":true},"in2DMode":false,"pivot":{"x":-20.28653907775879,"y":6.690001964569092,"z":150.3207244873047},"rotation":{"x":-0.17283770442008973,"y":-0.6931429505348206,"z":0.17689454555511475,"w":-0.6771080493927002},"size":100.6129150390625,"orthographic":false}