{"cameraMode":{"drawMode":0,"name":"Shaded","section":"Shading Mode"},"sceneLighting":false,"audioPlay":false,"sceneViewState":{"showFog":true,"showMaterialUpdate":false,"showSkybox":true,"showFlares":true,"showImageEffects":true,"showParticleSystems":true},"in2DMode":false,"pivot":{"x":1257.442138671875,"y":-697.9534912109375,"z":717.6625366210938},"rotation":{"x":0.2062794268131256,"y":0.5123959183692932,"z":-0.1283414214849472,"w":0.8236810564994812},"size":1537.2562255859375,"orthographic":false}