{"cameraMode":{"drawMode":0,"name":"Shaded","section":"Shading Mode"},"sceneLighting":false,"audioPlay":false,"sceneViewState":{"showFog":true,"showMaterialUpdate":false,"showSkybox":true,"showFlares":true,"showImageEffects":true,"showParticleSystems":true},"in2DMode":false,"pivot":{"x":2638.04150390625,"y":-639.2640380859375,"z":-445.3838195800781},"rotation":{"x":0.07688900083303452,"y":0.7709458470344544,"z":-0.09484157711267472,"w":0.6250912547111511},"size":2754.467529296875,"orthographic":false}