{"cameraMode":{"drawMode":0,"name":"Shaded","section":"Shading Mode"},"sceneLighting":false,"audioPlay":false,"sceneViewState":{"showFog":true,"showMaterialUpdate":false,"showSkybox":true,"showFlares":true,"showImageEffects":true,"showParticleSystems":true},"in2DMode":false,"pivot":{"x":-97.08297729492188,"y":-4.366197109222412,"z":109.9625015258789},"rotation":{"x":0.07020218670368195,"y":-0.9202101826667786,"z":0.33316001296043398,"w":0.19349384307861329},"size":149.81080627441407,"orthographic":false}