{"cameraMode":{"drawMode":0,"name":"Shaded","section":"Shading Mode"},"sceneLighting":true,"audioPlay":false,"sceneViewState":{"showFog":true,"showMaterialUpdate":false,"showSkybox":true,"showFlares":true,"showImageEffects":true,"showParticleSystems":true},"in2DMode":false,"pivot":{"x":17.788217544555665,"y":49.056724548339847,"z":102.48931121826172},"rotation":{"x":-0.13769301772117616,"y":-0.565633237361908,"z":0.0964341089129448,"w":-0.8074110150337219},"size":31.05643653869629,"orthographic":false}