{"cameraMode":{"drawMode":0,"name":"Shaded","section":"Shading Mode"},"sceneLighting":false,"audioPlay":false,"sceneViewState":{"showFog":true,"showMaterialUpdate":false,"showSkybox":true,"showFlares":true,"showImageEffects":true,"showParticleSystems":true},"in2DMode":false,"pivot":{"x":-259.2986755371094,"y":-43.78559112548828,"z":-79.92887878417969},"rotation":{"x":0.02711489051580429,"y":-0.9224818348884583,"z":0.06598567962646485,"w":0.3795156478881836},"size":415.0501403808594,"orthographic":false}