{"cameraMode":{"drawMode":0,"name":"Shaded","section":"Shading Mode"},"sceneLighting":false,"audioPlay":false,"sceneViewState":{"showFog":true,"showMaterialUpdate":false,"showSkybox":true,"showFlares":true,"showImageEffects":true,"showParticleSystems":true},"in2DMode":false,"pivot":{"x":349.03521728515627,"y":-26.682270050048829,"z":-280.92529296875},"rotation":{"x":-0.012890649959445,"y":-0.9459143877029419,"z":0.03774772584438324,"w":-0.322098046541214},"size":494.03717041015627,"orthographic":false}