{"cameraMode":{"drawMode":0,"name":"Shaded","section":"Shading Mode"},"sceneLighting":true,"audioPlay":false,"sceneViewState":{"showFog":true,"showMaterialUpdate":false,"showSkybox":true,"showFlares":true,"showImageEffects":true,"showParticleSystems":true},"in2DMode":false,"pivot":{"x":40.605194091796878,"y":20.18262481689453,"z":106.11666870117188},"rotation":{"x":-0.03337113559246063,"y":-0.8350021243095398,"z":0.05089864134788513,"w":-0.5469251275062561},"size":31.205581665039064,"orthographic":false}