{"cameraMode":{"drawMode":0,"name":"Shaded","section":"Shading Mode"},"sceneLighting":true,"audioPlay":false,"sceneViewState":{"showFog":true,"showMaterialUpdate":false,"showSkybox":false,"showFlares":true,"showImageEffects":true,"showParticleSystems":true},"in2DMode":false,"pivot":{"x":69.78313446044922,"y":25.04819679260254,"z":77.78777313232422},"rotation":{"x":0.06046551838517189,"y":0.9370117783546448,"z":-0.20501123368740083,"w":0.2763534486293793},"size":25.10310173034668,"orthographic":false}