{"cameraMode":{"drawMode":0,"name":"Shaded","section":"Shading Mode"},"sceneLighting":true,"audioPlay":false,"sceneViewState":{"showFog":true,"showMaterialUpdate":false,"showSkybox":false,"showFlares":true,"showImageEffects":true,"showParticleSystems":true},"in2DMode":false,"pivot":{"x":68.95528411865235,"y":23.718828201293947,"z":78.1451187133789},"rotation":{"x":0.07016712427139282,"y":0.9295889735221863,"z":-0.26720544695854189,"w":0.2441082000732422},"size":11.902298927307129,"orthographic":false}