{"cameraMode":{"drawMode":0,"name":"Shaded","section":"Shading Mode"},"sceneLighting":false,"audioPlay":false,"sceneViewState":{"showFog":true,"showMaterialUpdate":false,"showSkybox":true,"showFlares":true,"showImageEffects":true,"showParticleSystems":true},"in2DMode":false,"pivot":{"x":-10.048063278198243,"y":-453.99566650390627,"z":751.2391967773438},"rotation":{"x":-0.2768276631832123,"y":0.15712052583694459,"z":-0.045852527022361758,"w":-0.9469591975212097},"size":949.8917846679688,"orthographic":false}